국가코드,문헌종류 코드,발명의 명칭,요약,대표청구항,청구항 수,출원번호,출원일,공개번호/공표/재공표,공개일,등록번호,등록일,출원인
KR,A,온도 센서 및 온도 센서의 제조방법(TEMPERATURE SENSOR AND METHOD FOR THE PRODUCTION OF A TEMPERATURE SENSOR),본 발명은 온도센서(100)를 개시한다. 상기 센서는 광물-절연 공급선(108)  유저 금속 관(102) 및 지지 구조 안에 고정된 온도 센싱 소자를 포함한다. 유저 금속 관의 개방 단부(102B)는 광물-절연 공급선에 기계적으로 연결되어 있다. 와이어 커넥션은 온도 센싱 소자를 광물-절연 공급선에 기계적  전기적으로 연결한다. 상기 지지 구조는 유저 금속 관의 하단부(102A)안에서 유저 금속 관의 축 방향으로 지속적으로 움직일 수 있다. ,광물-절연 공급선(108);하단부(102A) 및 상기 광물-절연 공급선에 기계적으로 연결된 개방 단부(102B)를 포함하는 유저 금속 관(bottomed metal tube)(102);상기 유저 금속 관 내에 포함된 온도 센싱 소자(104); 및상기 온도 센싱 소자를 상기 광물-절연 공급선에 기계적 및 전기적으로 연결시키는 와이어 커넥션;을 포함하고상기 온도 센싱 소자는 지지 구조(106) 내에 고정되고 상기 지지 구조는 하단부(102A) 내에서 유저 금속 관의 축 방향으로 지속적으로 움직일 수 있는 것인  온도 센서(100).,13,10-2016-0081760,2016-06-29,10-2017-0004877,2017-01-11,,,센사타 테크놀로지스  인크
KR,B1,온도 센서  온도 센서 제조 방법 및 대응하는 온도 센서 조립 방법(TEMPERATURE SENSOR  MANUFACTURING PROCESS AND CORRESPONDING METHOD OF ASSEMBLY),본 발명은  온도 감지 요소(3)  및 온도 감지 요소(3)를 수용하고 폐쇄 단부(9)를 가지며 대응하는 공동(11)에 삽입되도록 되어 있는 둘레 엔벨로프(envelope)(7)를 포함하는 온도 센서로서  둘레 엔벨로프(7)의 폐쇄 단부(9)는 둘레부(21)를 포함하고  폐쇄 단부의 끝에 상기 둘레부(21)에 이어지는 가요성 조립 정지부(23)가 마련되며  상기 가요성 조립 정지부(23)는 대응하는 공동(11)의 저부(15)와의 형상 맞춤에 의해 둘레부(21)를 향해 변형 가능한 것을 특징으로 하는 온도 센서에 관한 것이다. 본 발명의 대상은 또한 전술한 온도 센서의 제조 방법과 상기 온도 센서의 조립 방법이다.,온도 센서로서 - 온도 감지 요소(3); 및- 온도 감지 요소(3)를 수용하고  폐쇄 단부(9)를 가지며  대응하는 공동(11)에 삽입되도록 되어 있는 둘레 엔벨로프(envelope)(7)를 포함하는 온도 센서에 있어서 둘레 엔벨로프(7)의 폐쇄 단부(9)는 둘레부(21)를 포함하고  폐쇄 단부의 끝에 상기 둘레부(21)에 이어지는 가요성 조립 정지부(23)가 마련되며  상기 가요성 조립 정지부(23)는 대응하는 공동(11)의 저부(15)와의 형상 맞춤에 의해 둘레부(21)를 향해 변형 가능한 것을 특징으로 하는 온도 센서.,8,10-2011-7011920,2009-10-23,10-2011-0071023,2011-06-27,10-1658073,2016-09-09,에스쎄2엔
KR,B1,온도센서(TEMPERATURE SENSOR),(과제) 감온소자의 소자 전극선과 시스 심선과의 접합부에 걸리는 응력을 완화한 온도센서를 제공한다.(해결수단) 감온부(103)와 이 감온부(103)에서 연장되는 1쌍의 소자 전극선(104)을 가지는 감온소자(102)와; 소자 전극선(104)에 접합부(110)를 통해서 접속되는 시스 심선(108)과 이 시스 심선(108)을 절연재(114)의 사이에 내포하는 시스 외관(107)을 가지는 시스부재(106)와; 바닥부를 가지는 통형상을 이루며  선단(112a)이 되는 바닥부측에 적어도 감온소자(102) 및 접합부(110)를 수용하고  소자 전극선(104) 및 시스 심선(108)이 연장되는 방향으로 연장되는 금속제의 내통(112)과; 개구단(120a)을 가지는 통형상을 이루며  내통(112)의 축방향(L)에 수직인 방향에서 보았을 때  개구단(120a)(위치 X)이 접합부(110)(위치 J)보다 선단측에서 또한 내통(112)의 바닥부(위치 B)까지의 영역에 위치하도록 내통(112)을 덮으며  접합부(110)(위치 J)보다 선단측에서 내통(112)과 이간되어 있는 금속제의 외통(120);을 구비한 온도센서(100x)이다.,감온부와 상기 감온부에서 연장되는 1쌍의 소자 전극선을 가지는 감온소자와 상기 소자 전극선에 접합부를 통해서 접속되는 시스 심선과 상기 시스 심선을 절연재의 사이에 내포하는 시스 외관을 가지는 시스부재와 바닥부를 가지는 통형상을 이루며  선단이 되는 바닥부측에 적어도 감온소자 및 접합부를 수용하고  상기 소자 전극선 및 시스 심선이 연장되는 방향으로 연장되는 금속제의 내통과 개구단을 가지는 통형상을 이루며  내통의 축방향에 수직인 방향에서 보았을 때  상기 개구단이 접합부보다 선단측에서 또한 내통의 바닥부까지의 영역에 위치하도록 내통을 덮으며  상기 접합부보다 선단측에서 내통과 이간되어 있는 외통을 구비한 것을 특징으로 하는 온도센서.,6,10-2009-0040235,2009-05-08,10-2009-0117658,2009-11-12,10-1630452,2016-06-08,니혼도꾸슈도교 가부시키가이샤
KR,B1,인터쿨러용 온도센서(TEMPERATURE SENSOR FOR INTERCOOLER),본 발명은 인터쿨러용 온도센서에 관한 것이다. 본 발명은  접속단자(11)가 노출되게 인서트되고  외주벽(12) 및 바닥면(13)을 가지며  일측에 끼움축(17)을 갖는 커넥터(10); 상기 커넥터(10)의 상기 접속단자(11)와 통전가능하게 연결되는 리드와이어(21)를 갖는 서미스터(20); 상기 커넥터(10)의 상기 끼움축(17)과 상기 서미스터(20) 및 리드와이어(21)가 삽입되는 공간부(30a)가 마련되고  상기 커넥터(10)의 일측에 결합되며  인터쿨러에 결합되는 바디(30); 및 상기 바디(30)의 상기 공간부(30a)에 액상으로 충전되어 고상으로 경화되면서 상기 바디(30)에 상기 커넥터(10)를 접합시켜서 영구적으로 고정하고  상기 공간부(30a)를 수밀상태로 차폐하여 상기 리드와이어(21)의 외측면을 실링하면서 상기 서미스터(20)의 적어도 일부분을 실링하는 경화성 충전재(30b);를 포함하고  상기 경화성 충전재는  상기 서미스터(20)의 적어도 일부분을 감싸는 상태로 경화되는 것을 특징으로 한다. 본 발명은  경화성 충전재에 의해 수밀성이 향상된다.,차량의 전자제어장치와 접속되는 접속단자(11)의 일단부가 외부로 노출되게 인서트되고  노출되는 상기 접속단자(11)를 감싸는 외주벽(12) 및 상기 접속단자(11)가 돌출되는 바닥면(13)을 가지며  일측에 돌출형성된 끼움축(17)을 갖는 커넥터(10);상기 커넥터(10)의 상기 접속단자(11)와 통전가능하게 연결되는 리드와이어(21)를 갖는 서미스터(20);상기 커넥터(10)의 상기 끼움축(17)과 상기 서미스터(20) 및 리드와이어(21)가 삽입되는 공간부(30a)가 마련되고  상기 공간부(30a)에 상기 끼움축(17)이 삽입된 상태로 상기 커넥터(10)의 일측에 결합되며  상기 서미스터(20)가 위치하는 일부분이 인터쿨러에 결합되는 바디(30); 및상기 바디(30)의 상기 공간부(30a)에 액상으로 충전되어 고상으로 경화되면서 상기 바디(30)에 상기 커넥터(10)를 접합시켜서 영구적으로 고정하고  상기 공간부(30a)를 수밀상태로 차폐하여 상기 리드와이어(21)의 외측면을 실링하면서 상기 서미스터(20)의 적어도 일부분을 실링하는 경화성 충전재(30b);를 포함하고 상기 경화성 충전재(30b)는 상기 서미스터(20)의 적어도 일부분을 감싸는 상태로 경화되고 상기 커넥터(10)는 상기 접속단자(11)가 인서트된 상태로 상기 바닥면(13)의 일측에 돌출형성되어 인서트된 상기 접속단자(11)의 길이방향을 따라 형성되는 경계면을 통해 수분이 유입되는 것을 방지하는 보스(14);를 더 포함하는 인터쿨러용 온도센서.,6,10-2014-0094515,2014-07-25,10-2016-0013374,2016-02-04,10-1601814,2016-03-03,인지컨트롤스 주식회사
KR,A,배기가스 온도센서(A temperature sensor for exhaust gas),선단에 온도센서부를 가지고 쉬스선을 감싸서 보호하는 메탈튜브와  메탈튜브와 파이프형의 조인트를 연결하기 위한 플랜지와  플랜지와 조인트 사이에 결합되며 온도측정을 위한 대상물에 체결되는 볼트를 포함하며  플랜지의 볼트의 단부와 마주하는 일면에는 볼트와 비접촉하는 비접촉 경사면이 형성되는 것을 특징으로 하는 배기가스 온도센서가 게시된다.,선단에 온도센서부를 가지고 쉬스선을 감싸서 보호하는 메탈튜브와;상기 메탈튜브와 파이프형의 조인트를 연결하기 위한 플랜지와;상기 플랜지와 상기 조인트 사이에 결합되며  온도측정을 위한 대상물에 체결되는 볼트;를 포함하며 상기 플랜지의 상기 볼트의 단부와 마주하는 일면에는 상기 볼트와 비접촉하는 비접촉 경사면이 형성되는 것을 특징으로 하는 배기가스 온도센서.,5,10-2014-0016787,2014-02-13,10-2015-0095450,2015-08-21,,,태성전장주식회사
JP,A ,흡기 센서,【요약】 【과제】내연기관의 흡기계에 마련되어도 연료의 혼합기 발화를 억제할 수 있는 흡기 센서를 제공한다. 【해결 수단】검출 소자 120과 검출 소자의 고체 전해질체를 가열하는 히터와 하우징 110과 프로텍터 160를 구비하고  내연기관의 흡기계에 마련되어 EGR 시스템으로 사용되는 흡기 센서 100으로서  프로텍터는 각각 지름 방향으로 간격을 마련한 2 이상의 통형부 161 171을 가지는 다중 구조를 이루어  인접하는 어느 2개의 통형부 중 내측의 제1 통형부 161의 제1 관통 구멍 166 167의 관통 방향으로 외측의 제2 통형부 171의 통벽 174 175가 개재하고 제2 통형부의 제2 관통 구멍의 면적은 제1 관통 구멍의 면적 이상에서 부탄과 공기로 구성되는 공연비 13  압력 0.11 MPa  온도 20℃  유속 0 m/sec의 모델 혼합기 중에 흡기 센서를 설치해 히터를 가열했을 때  프로텍터의 외면보다 외측에 연소염이 시인되지 않는다. 【선택도】도 4 ,【청구항1】산소 이온 도전성 고체 전해질체와 상기 고체 전해질체에 배치된 한 쌍의 전극을 가지는 셀을 적어도 하나 가져 축선 방향으로 연장되어 선단 측에 피검출 가스 중의 특정 가스 성분을 검출하는 검출부를 가지는 검출 소자와 상기 고체 전해질체를 목표 온도로 하기 위해 상기 고체 전해질체를 가열하는 히터와 자신의 선단에서 상기 검출부를 돌출시킨 상태에서 상기 검출 소자의 지름 방향 주위를 둘러싸는 하우징과 상기 하우징에 고정됨과 동시에  상기 검출부의 주위를 둘러싸는 프로텍터를 구비하고  내연기관의 흡기계에 마련되어 EGR 시스템으로 사용되는 흡기 센서로서  상기 프로텍터는 각각 지름 방향으로 간격을 마련한 2 이상의 통형부를 가지는 다중 구조를 이루어  각 통형부는 자신을 관통하는 관통 구멍을 가지며  인접하는 어느 2개의 상기 통형부 중 내측의 제1 통형부의 제1 관통 구멍의 관통 방향으로 외측의 제2 통형부의 통벽이 개재하고 상기 제 2 통형부의 제2 관통 구멍의 면적은 상기 제 1 관통 구멍의 면적 이상에서 부탄과 공기로 구성되는 모델 혼합기로서  공연비 13  압력 0.11 MPa  온도 20℃  유속 0 m/sec의 상기 모델 혼합기 중에 상기 흡기 센서를 설치해 상기 히터를 상기 목표 온도가 되도록 가열했을 때  상기 프로텍터의 외면보다 외측에 상기 모델 혼합기의 연소염이 시인되지 않는 것을 특징으로 하는 흡기 센서.,7,2016-193384,2016-09-30,2017-142222,2017-08-17,,,NGK SPARK PLUG CO LTD
JP,B2,서미스터 소자 및 온도 센서,【요약】 【과제】900℃의 온도로 장시간 노출되어도  서미스터부의 저항 특성 변동을 억제할 수 있고 온도 검출 정밀도의 저하를 억제할 수 있는 서미스터 소자를 제공하고 이러한 서미스터 소자를 이용한 온도 센서를 제공하는 것. 【해결 수단】온도 센서 1에 구비되는 서미스터 소자 21에 있어서는 피복층 26은 실시예1~8와 같은 조성을 가짐으로써  피복층 26 제조 시의 소부 온도가 비교적 저온(예를 들면 1100℃이하)이라도  치밀한 결정화 유리로서 형성된다. 이와 같이 치밀한 결정화 유리로서의 피복층 26을 구비함으로써  서미스터부 22 및 피복층 26의 조성 변동이 잘 발생하지 않고 서미스터부 22의 저항값 및 그 특성 변동이 잘 발생하지 않아진다. 【선택도】도 2 ,【청구항1】서미스터 조성물로 구성되는 서미스터부와 상기 서미스터부를 피복하는 피복층를 구비하는 서미스터 소자로서  상기 피복층은 적어도 SiO2  BaO 및 Al2O3를 포함하고 SiO2에 대해서는 상기 피복층의 합계 몰수에 대해서45~75몰%이며 Al2O3에 대해서는 상기 피복층의 합계 몰수에 대해서2~10몰%이며 BaO에 대해서는 상기 피복층의 합계 몰수에 대해서20~40몰%이며 SiO2  BaO 및 Al2O3의 합계가 90 몰%~100 몰%가 되도록 선택되는 함유 비율로 함유하고 B2O3에 대해서는 상기 피복층의 합계 몰수에 대해서 0.1 몰%이하이며 상기 피복층은 결정화도70% 이상의 결정화 유리인 것를 특징으로 하는 서미스터 소자.,8,2013-215640,2013-10-16,2015-078089,2015-04-23,6154283,2017-06-09,NGK SPARK PLUG CO LTD
JP,A ,온도 센서,【요약】 【과제】심선의 쇼트를 억제할 수 있는 온도 센서를 제공하는 것. 【해결 수단】온도 센서 1은 감온 소자 13과 시스심선 15와 절연 부재 17과 외피 부재 19를 가지는 시스부재 3과 이들을 수용하는 캡 5를 구비하고 있다. 또한 절연 부재 17은 선단 측의 유리부 65와 후단 측의 절연체 69 등을 구비하고 있다. 그리고 절연 부재 17의 선단 측의 단면(즉 선단 측의 유리부 65의 선단면 71) 표면 거칠기 Ra는 캡 5의 내주면 75의 표면 거칠기 Ra보다 작다고 하는 특징을 가지고 있다. 따라서  온도 센서 1이 고온 상태에서 사용되었을 경우에도 캡 5의 내주면 75에서 증발한 금속 성분(상세하게는 금속 산화물)은 표면 거칠기 Ra가 큰 캡 5의 내주면 75에 부착하기 쉽고 표면 거칠기 Ra가 작은 유리부 65의 선단면 71에 부착하기 어렵다. 【선택도】도 2 ,【청구항1】길이 방향의 선단 측에 배치되고  온도에 따라 전기적 특성이 변화하는 감온 소자와 상기 길이 방향으로 연장됨과 동시에  상기 감온 소자와 전기적으로 접속되는 적어도 하나의 전극선과 상기 전극선의 지름 방향 주위를 덮는 전기 절연성을 가지는 절연 부재와 상기 길이 방향 중 적어도 일부에서 상기 절연 부재의 지름 방향 주위를 덮음과 동시에  상기 길이 방향의 선단 측이 개구한 금속제의 외피 부재를 가지는 시스부재와 상기 감온 소자와 상기 감온 소자와 상기 절연 부재의 선단면 사이의 상기 전극선과 상기 절연 부재의 선단면를 덮음과 동시에  당해 덮은 부분의 공간을 폐색하는 금속 커버를 구비하는 온도 센서로서  상기 절연 부재의 선단면의 표면 거칠기 Ra는 상기 금속 커버의 내주면 중 상기 절연 부재의 선단면에서(보다) 선단 측의 표면 거칠기 Ra보다 작은 것을 특징으로 하는 온도 센서.,7,2015-202143,2015-10-13,2017-075799,2017-04-20,,,NGK SPARK PLUG CO LTD
JP,B2,진동 감소 및/또는 개선 슬리브를 포함한 배기가스 온도 센서,【요약】 온도 센서 시스템은 온도 센서와 온도 센서에 결합되는 단부를 가지는 케이블과 케이블에 결합되는 스톱 플랜지를 포함한다. 온도 센서 시스템은 또한 스톱 플랜지에 접촉해 위치 결정되는 진동 감소 및/또는 개선 슬리브를 포함한다. 슬리브는 케이블 중 적어도 일부를 수용하고 지지하도록 구성되는 관통로를 확정하는 본체부를 포함한다. 슬리브는 온도 센서 시스템에 안정성을 제공하고 온도 센서 시스템으로의 진동 응력을 감소시키도록 구성된다. 슬리브는 시스템의 조립 중에 온도 센서 시스템에 더해지고/또는 온도 센서 시스템이 완전하게 조립된 후에 더해지도록 구성된다. ,【청구항1】온도 센서와 상기 온도 센서에 결합되는 단부를 가지는 케이블과 상기 케이블에 결합되는 스톱 플랜지와 상기 스톱 플랜지에 접촉해 위치 결정되는 진동 감소 및/또는 개선 슬리브를 포함한 온도 센서 시스템으로서  상기 슬리브가 상기 케이블 중 적어도 일부를 수용하고 지지하도록 구성되는 관통로를 확정   제1 개구단 및 반대 측의 제2 개구단을 가지는 본체부를 포함하고  상기 본체부는 또한 상기 본체부의 상기 제 2 개구단에서 연장되는 복수의 추이부를 구비하고 상기 추이부의 각각은 플랜지부를 포함한  온도 센서 시스템.,20,2014-527284,2012-08-23,2014-529071,2014-10-30,6092216,2017-02-17,STONERIDGE INC
JP,A ,온도 센서 및 온도 센서의 제조 방법,【요약】　　　（수정유） 【과제】내연기관용으로서 고온  진동에 견딜 수 있는 온도 센서를 제공한다. 【해결 수단】온도 센서(100)가 개시된다. 센서는 광물 절연 공급 라인 108과 바닥이 있는 금속 튜브 102와 지지 구조 106에 고정되는 온도 검출 요소를 구비한다. 바닥이 있는 금속 튜브의 개단부 102 B는 광물 절연 공급 라인에 기계적으로 접속된다. 결선은 온도 검출 요소를 광물 절연 공급 라인에 기계적 및 전기적으로 결합한다. 지지 구조는 바닥이 있는 금속 튜브의 바닥 단부 102 A에서 바닥이 있는 금속 튜브의 축방향으로 영구적으로 이동 가능하다. 【선택도】도 1 ,【청구항1】온도 센서(100)로서 ­광물 절연 공급 라인(108)과­바닥 단부(102A)와 개단부(102B)를 포함한 바닥이 있는 금속 튜브(102)로서  상기 개단부가 상기 광물 절연 공급 라인에 기계적으로 접속되어 있는  바닥이 있는 금속 튜브(102)와­상기 바닥이 있는 금속 튜브에 포함되는 온도 검출 요소(104)로서  결선이 상기 온도 검출 요소를 상기 광물 절연 공급 라인에 기계적 및 전기적으로 결합하는  온도 검출 요소(104)를 구비하고  상기 온도 검출 요소는 지지 구조(106)에 고정되어 상기 지지 구조는 상기 바닥이 있는 금속 튜브의 축방향으로 상기 바닥 단부(102A)로 영구적으로 이동 가능한 것을 특징으로 하는 온도 센서.,13,2016-124467,2016-06-23,2017-015701,2017-01-19,,,SENSATA TECHNOLOGIES INC
US,B2,Temperature sensor,A temperature sensor includes a metal tube containing thermo-sensitive element and filled with an insulating filling material  and a housing to which the metal tube is fixed. The metal tube includes a small-diameter part and a large-diameter part. The distal end of the small-diameter part is located beyond a virtual line. The virtual line passes a center of a maximum virtual circle which is an inscribed circle that contacts at least three points on an inner surface of the pipe in a cross-section perpendicular to an axial direction of the pipe  and is perpendicular to a center axis line of the metal tube. The whole of the small-diameter part and the part of the large-diameter part filled with the filling material are located within a center virtual circle which is coaxial with the maximum virtual circle and has an inner diameter of ⅔ of that of the maximum virtual circle.,1. A temperature sensor comprising: a thermo-sensitive element;a metal tube containing therein the thermo-sensitive element  a distal end thereof at which the thermo-sensitive element is disposed being closed;an insulating filling material filled in the metal tube; anda housing to which a proximal end portion of the metal tube is fixed  the housing being fitted to a pipe through which a measurement gas flows at least a distal end portion of the metal tube being disposed inside the pipe  whereinthe metal tube includes a small-diameter part located on a distal end side thereof  and a large-diameter part located on a proximal end side of the small-diameter part and having an outer diameter larger than an outer diameter of the small-diameter part the outer diameter of the small-diameter part is in a range between 1 mm and 3 mm  a ratio of a length of the small-diameter part to the outer diameter of the small-diameter part being in a range between 8 and 15 the filling material is filled continuously in a whole of the small-diameter part and a part of the large-diameter part a distal end of the small-diameter part is located beyond a virtual line when viewed from the large-diameter part  the virtual line passing a center of a maximum virtual circle which is an inscribed circle that contacts at least three points on an inner surface of the pipe in a cross-section perpendicular to an axial direction of the pipe  and being perpendicular to a center axis line of the metal tube  andthe whole of the small-diameter part and the part of the large-diameter part filled with the filling material are located within a center virtual circle which is coaxial with the maximum virtual circle and has an inner diameter of ⅔ of an inner diameter of the maximum virtual circle.,9,14/832135,2015-08-21,2016-0054182,2016-02-25,9891118,2018-02-13,DENSO CORPORATION
US,B2,Temperature sensor,The invention relates to a temperature sensor (1) for a motor vehicle comprising:?a housing (3) defining an internal volume comprising a temperature sensitive element (5) ?electrical wires (9) linked electrically to said temperature sensitive element (5) and configured to transmit an item of temperature information from said sensitive element (5) to the exterior of the housing (3) ?a seal (13) partially surrounding the said electrical wires (9) so as to isolate the sensitive element (5) with respect to the exterior of the housing (3)  the seal (13) extending preferably in a direction  termed the longitudinal direction. According to the invention  said sensor (1) furthermore comprises a guidance means (15) integral with said seal (13) for the guiding of said electrical wires (9) out of said sensor  said guidance means (15) lying in the extension of said seal (13) according to the longitudinal direction of said seal (13) from a central zone of the seal (13) towards the exterior of said sensor housing (3)  and the cross section of said guidance means (15) being of smaller dimension than that of the cross section of the seal (13)  at least one portion of said guidance means (15) lying outside the housing.,1. A temperature sensor for a motor vehicle  comprising: a sensor housing having an internal volume comprising a temperature-sensitive element;electrical wires electrically connected to said temperature-sensitive element and configured to send temperature information of said temperature-sensitive element to an exterior of the sensor housing;a seal partially surrounding said electrical wires so as to isolate the temperature-sensitive element from the exterior of the sensor housing  the seal extending along a longitudinal direction; anda guide means secured to said seal for guiding said electrical wires where they emerge from said temperature-sensitive sensor  said guide means extending in continuation of said seal along the longitudinal direction of said seal  from a central region of the seal in a direction of the exterior of said sensor housing  and a cross section of said guide means having a size smaller than that of a cross section of the seal  at least one portion of said guide means extending out of the sensor housing wherein said sensor housing is crimped onto the seal  andwherein said guide means extends out of the sensor housing.,8,14/382767,2013-03-14,2015-0023391,2015-01-22,9816879,2017-11-14,SC2N
US,B2,Temperature sensor,In a temperature sensor  two seal members seal the open opposite ends of a cladding member (a forward end and a rear end)  so that water absorption by an insulator of a sheath member can be restrained. The seal members are formed to have an insulation resistance equal to that of a conductor-fixing material. Therefore  even when the temperature sensor is used in a high-temperature environment  the insulation performance of the seal members does not become lower than the insulation performance of the conductor-fixing material  so that the formation of a leakage current path can be suppressed. According to the temperature sensor  the electrical property of a temperature sensitive element can be sensed accurately  and a reduction in the accuracy of temperature sensing can be restrained.,1. A temperature sensor comprising: a temperature sensitive element having an electrical property that changes with temperature;a sheath member including at least one conductor extending in a lengthwise direction of the temperature sensor and is electrically connected to the temperature sensitive element directly or through another member  an insulator formed of an insulating material and surrounding the at least one conductor  a metallic cladding member covering the insulator and open at opposite ends in the lengthwise direction  and seal members sealing the open opposite ends of the metallic cladding member with the at least one conductor extending outward from the metallic cladding member through the seal members; anda covering member formed mainly of glass and covering a junction between the at least one conductor and the temperature sensitive element or a junction between the another member and the temperature sensitive element wherein:an electric resistance of the temperature sensitive element increases with the temperature  andan insulation resistance of the seal members is equal to or greater than an insulation resistance of the covering member.,4,14/748423,2015-06-24,2015-0377712,2015-12-31,9752936,2017-09-05,NGK SPARK PLUG CO.  LTD.
US,A1,INTAKE SENSOR,An intake sensor includes a detection element  a heater  a housing  and a protector. The protector has two or more tubular portions spaced from one another in the radial direction. Of any two adjacent tubular portions  a second tubular portion on the outer side has tubular walls present in the penetration direction of first through holes of a first tubular portion on the inner side. Second through holes of the second tubular portion have an area equal to or greater than that of the first through hole. When the intake sensor is disposed in a model gas mixture of butane and air having air-fuel ratio of about 13  pressure of about 0.11 MPa  temperature of about 20° C.  and flow rate of about 0 m/sec  and the heater heats the solid electrolyte member to the target temperature  no combustion flame is visually recognized on the outer surface of the protector.,1. An intake sensor provided in an intake system of an internal combustion engine and used for an EGR system  comprising: a detection element including at least one cell having an oxygen-ion conductive solid electrolyte member and a pair of electrodes disposed on the solid electrolyte member  the detection element extending in a direction of an axial line and having a detection portion on a forward end side so as to detect a particular gas component contained in a mixed gas;a heater that is configured to heat the solid electrolyte member to a target temperature;a housing which surrounds a circumference of the detection element such that the detection portion projects from a forward end of the housing; anda protector fixed to the housing and surrounding a circumference of the detection portion  whereinthe protector has a multi-wall structure having two or more tubular portions spaced from one another in a radial direction each of the tubular portions has a through hole penetrating therethrough  one of any two adjacent tubular portions  which is located on an inner side in the radial direction  is defined as a first tubular portion and the other of the two adjacent tubular portions  which is located on an outer side in the radial direction  is defined as a second tubular portion  and the second tubular portion has a tubular wall which is present in a penetration direction of a first through hole  which is the through hole of the first tubular portion a second through hole  which is the through hole of the second tubular portion  has an area equal to or greater than that of the first through hole  andwhen the intake sensor is disposed in a model gas mixture of butane and air having an air-fuel ratio of 13  pressure of 0.11 MPa  temperature of 20° C.  and flow rate of 0 m/sec  and the heater is energized to heat the solid electrolyte member to the target temperature  no combustion flame of the model gas mixture is visually recognized on the outer side of an outer surface of the protector.,7,15/426604,2017-02-07,2017-0226972,2017-08-10,,,NGK Spark Plug Co.  LTD.
US,B2,Temperature sensor including thermosensitive element,A temperature sensor 1 includes: a thermosensitive element 2 composed of a low-thermal expansion ceramics having a coefficient of linear expansion of 3×10?6/° C. to 5×10?6/° C. and of which electrical characteristics change depending on temperature; a pair of electrode films 20 provided on the surfaces of the thermosensitive element 2; and a pair of lead wires having a coefficient of linear expansion of 15×10?6/° C. or less and bonded to the electrode films 20. When the coefficients of linear expansion of the thermosensitive element 2  the electrode film 20  and the lead wire 21 are respectively Ta(/° C.)  Tb(/° C.)  and Td(/° C.)  the temperature sensor 1 satisfies a relationship Ta?Tb?Td.,1. A temperature sensor comprising: a thermosensitive element composed of a low-thermal expansion ceramics having a coefficient of linear expansion of 3×10?6/° C. to 5×10?6/° C. and of which electrical characteristics change depending on temperature;a pair of electrode films provided on the surfaces of the thermosensitive element  wherein the electrode films are composed of an alloy containing at least Cr and Fe of which a main component is Cr; anda pair of lead wires having a coefficient of linear expansion of 15×10?6/° C. or less and bonded to the electrode films wherein  when coefficients of linear expansion of the thermosensitive element  the electrode films  and the lead wires are denoted by Ta(/° C.)  Tb(/° C.)  and Td(/° C.) respectively  the coefficients of the linear expansion of the thermosensitive element  the electrode films  and the lead wires are set to satisfy a relationship of Ta?Tb?Td andthe coefficient of the linear expansion of the electrode films  Tb(/° C.)  is 11×10?6/° C. or less.,17,13/695078,2011-04-26,2013-0223479,2013-08-29,9714869,2017-07-25,DENSO CORPORATION
EP,B1,Temperature sensor,A sensor (101) is configured such that a seal member (71) is provided in a deformed manner through crimping of a portion of a tube (11) located toward a rear end (17c) of the tube (11). The seal member (71) is deformed such that a frontward-oriented surface (75)  which is a bottom surface of a recess (74) formed in a front end (73) of the seal member (72)  presses a rear end (45) of an insulation sheath (41) frontward. Consequently  a front end (21a) of a sensor element is pressed against a front end (12) of the tube (11) via the insulation sheath (41). By virtue of a pressing action induced by rubber-like elasticity  high sensor responsiveness is maintained over a long period of time. ,A temperature sensor comprising: a metal tube (11) having a closed front end (12); a temperature sensor element (21) disposed in a front end portion of the tube;an insulation sheath (41) disposed rearward of the temperature sensor element within the tube (11) and core wires (25) connected to respective electrodes of the temperature sensor element  (23) the core wires (23) extending through the insulation sheath (41); lead wires (51) connected to respective rear ends of the core wires (25)  the core wires extending outward from a rear end of the insulation sheath (45)  and the lead wires (51) extending outward from a rear end of the tube (19); andan elastic seal member (171  271  371  471) having rubber-like elasticity  the lead wires (51) extending through the seal member (171  271  371  471)  at least a portion of the seal member (171  271  371  471) being disposed within the tube (11) and rearward of the rear end of the insulation sheath (45) for maintaining a seal at a rear end portion of the tube (19);the seal member (171  271  371  471) being deformed through crimping of the tube (11);the temperature sensor being characterized in that  through deformation of the seal member (171  271  371  471)  the seal member (171  presses the rear end of the insulation sheath (45) frontward  directly or via another member  by means of a frontward-oriented surface of the seal member (75)  whereby the temperature sensor element (21) is pressed against a front end of the tube (12) via the insulation sheath (41).,15,2011-005957,2011-07-20,2410306,2012-01-25,2410306,2018-01-17,NGK Spark Plug Co.  Ltd.
EP,B1,Conductive sintered oxide  thermistor element including the same  and temperature sensor including the same,A conductive sintered oxide including: a first crystal phase represented by REl4Al2O9 and a second crystal phase having a perovskite structure represented by (RE21-cSLc)(AlxM1y)O3. RE1 is a first element group consisting of Yb and/or Lu and at least one element selected from Group IIIA elements excluding Yb  Lu and La. RE2 is a second element group consisting of at least one element selected from Group IIIA elements excluding La and including at least one of the elements constituting the first element group RE1. SL is an element group consisting of at least one of Sr  Ca and Mg and which includes Sr as a main element  and M1 is an element group consisting of at least one element selected from Groups IVA  VA  VIA  VIIA and VIII excluding Cr. The coefficient c is in the range of 0.18<c<0.50  and the coefficients x and y are in the range of 0.95≤x+y≤1.1. ,A conductive sintered oxide which comprises: a first crystal phase having a composition represented by RE14Al2O9 anda second crystal phase having a perovskite structure represented by (RE21-cSLc)(AlxM1y)O3  in whichRE1 is a first element group consisting of Yb and/or Lu and at least one element selected from Group IIIA elements excluding Yb  Lu and La RE2 is a second element group consisting of at least one element selected from Group IIIA elements excluding La and including at least one of the elements constituting the first element group RE1 SL is an element group consisting of at least one of Sr  Ca and Mg and which includes Sr as a main element thereof in terms of molar proportion  andM1 is an element group consisting of at least one element selected from Groups IVA  VA  VIA  VIIA and VIII excluding Cr the coefficient c of the second crystal phase is in the range of 0.18<c<0.50  andthe coefficients x and y of the second crystal phase are in the range of 0.95≤x+y≤1.1.,6,2011-177816,2011-08-17,2426471,2012-03-07,2426471,2018-01-17,NGK SPARK PLUG CO.  LTD.
EP,B1,ELECTRICALLY CONDUCTIVE OXIDE SINTERED COMPACT  THERMISTOR ELEMENT EMPLOYING THE SAME  AND TEMPERATURE SENSOR EMPLOYING THE SAME,A sintered electroconductive oxide (1) forming a thermistor element (2) has a first crystal phase having a composition represented by RE14Al2O9 and a second crystal phase having a perovskite structure represented by (RE21-aSLa)MO3  and that the factor a of the second crystal phase satisfies the following condition: 0.18<a<0.50  wherein RE1 represents a first element group consisting of at least one of Yb and Lu and at least one species selected from among group 3A elements excluding Yb  Lu  and La; RE2 represents a second element group which contains at least one species selected from among group 3A elements excluding La and which contains at least one species selected from the first element group RE1; M represents an element group consisting of Al and at least one species selected from group 4A to 7A  and 8 elements; and SL represents an element group consisting of Sr  Ca  and Mg  with at least Sr being included at a predominant proportion by mole.,A sintered electroconductive oxide (1) characterized in that the oxide has a first crystal phase having a composition represented by RE14Al2O9 and a second crystal phase having a perovskite structure represented by (RE21-aSLa)MO3  and that the factor a of the second crystal phase satisfies the following condition: 0.18<a<0.50  wherein RE1 represents a first element group consisting of at least one of Yb and Lu and at least one species selected from among group 3A elements (group 3 elements) excluding Yb  Lu  and La; RE2 represents a second element group which contains at least one species selected from among group 3A elements excluding La and which contains at least one species selected from the first element group RE1; M1 represents an element group consisting of at least one species selected from group 4A  5A  6A  7A  and 8 elements (group 4 to group 10 elements); and M represents an element group consisting of the element group M1 and Al; and SL represents an element group consisting of Sr  Ca  and Mg  with at least Sr being included at a predominant proportion by mole.,9,2010-743817,2010-02-18,2402297,2012-01-04,2402297,2018-01-03,NGK SPARK PLUG CO.  LTD.
EP,B1,A sensor arrangement for measuring a pressure and a temperature in a fluid,A sensor arrangement (1) for measuring a pressure and a temperature in a fluid is disclosed. The sensor arrangement (1) comprises a temperature sensitive electrical element (3) and a pressure sensing electrical element (6)  the temperature sensitive electrical element (3) and pressure sensing electrical element (6) are both coupled to one side of a metallic membrane structure (4 16). The metallic membrane structure is arranged to pass on the temperature of the fluid which is at the other side of the membrane structure (4 16) to the temperature sensitive electrical element (3) and to pass on the pressure in the fluid to the pressure sensing electrical element (6). The membrane structure comprises an elongated body (16). At a closed end (15) of the elongated body is located the temperature sensitive electrical element (3). The pressure sensitive structure (4) is located at the opposite end (17) of the elongated body. The opposite end is open. The pressure sensitive structure (4) is circular and comprises a hole (7) in the centre. The opposite end (17) of the elongated body is hermetically connected to the pressure sensitive structure  forming thereby an axisymetric membrane structure such that the part for measuring the temperature (16) transmits the pressure to the pressure sensing membrane (4) on which it is mounted. Both sensitive elements are protected. In this way a combined pressure and temperature sensor is obtained which is applicable in vehicle air-conditioning systems working with CO2 as refrigerant. ,A sensor arrangement (1) for measuring a pressure and a temperature in a fluid  the sensor arrangement (1) comprising a common body (11  12  14)  a membrane structure (4  16)  a temperature sensitive electrical element (3) and a pressure sensing electrical element (6)  the temperature sensitive electrical element (3) and pressure sensing electrical element (6) are both coupled to one side of the membrane structure (4  16)  wherein the membrane structure (4  16) comprises an elongated body (16)  at a closed end (15) of the elongated body is located the temperature sensitive electrical element (3) and a first part (14) of the common body (11  12  14) surrounds lengthwise at least partially the elongated body (16) of the membrane structure (4  16) characterized in that the sensor arrangement further comprises a sealing member (5)  the sealing member (5) being present between the first part (14) of the common body (11  12  14) and the elongated body (16)  and in that the pressure sensing electrical element (6) is located at an open end of the elongated body (16).,9,2006-123975,2006-11-14,1790964,2007-05-30,1790964,2017-08-23,Sensata Technologies  Inc.
EP,B1,Temperature sensor,A temperature sensor includes a temperature-sensing element (103) having a temperature-sensing portion (103) and an element electrode wire (104) connected to the temperature-sensing portion (103) and extending rearward from the temperature-sensing portion (103); a sheath member (106) having a sheath core wire (108) joined to the element electrode wire (104)  and a sheath tube (107) internally and insulatively holding the sheath core wire (108); an enclosing member (112) made of metal  assuming the form of a closed-bottomed tube having a bottom portion at a front end  and enclosing at least the temperature-sensing element (102) and a joint portion (110) between the element electrode wire (104) and the sheath core wire (108); and a holding member (114) charged into a portion of a space enclosed by the enclosing member (112)  the portion extending between the bottom portion and a front end face of the temperature-sensing portion (103). The element electrode wire (104) has a bend (104a) at its intermediate portion (103) between the temperature-sensing portion and the joint portion (110). ,A temperature sensor comprising: a temperature-sensing element (102) having a temperature-sensing portion (103) and an element electrode wire (104; 204; 304  305) connected to the temperature-sensing portion (103) and extending rearward from the temperature-sensing portion (103);a sheath member (106) having a sheath core wire (108  109; 208) joined to the element electrode wire (104; 204; 304  305)  and a sheath tube (107) filled with a sheath filler so as to internally and insulatively hold the sheath core wire (108  109; 208);an enclosing member (112) made of metal  assuming the form of a closed-bottomed tube having a bottom portion at a front end  and enclosing at least the temperature-sensing element (102) and a joint portion (110) between the element electrode wire (104; 204; 304  305) and the sheath core wire (108  109; 208) formed by laser-spot-welding of overlying projecting end portions of the element electrode wire to those of the corresponding sheath core wires extending from the front end of the sheath tube (107); anda holding member (114) charged into at least a portion of a space enclosed by the enclosing member (112)  the portion extending between a front end face of the temperature-sensing portion (103) and the bottom portion of the enclosing member (112);wherein the element electrode wire (104; 204; 304  305) has a bend (104a; 204a; 304a  305a) at an intermediate portion of the element electrode wire between the temperature-sensing portion (103) and the joint portion (110) characterized in that the holding member (114) holds the temperature-sensing element (102) and the joint portion (110).,11,2008-020910,2008-12-02,2068137,2009-06-10,2068137,2017-08-23,NGK Spark Plug Co.  Ltd.
EP,B1,TEMPERATURE SENSOR,An object of the present invention is to attain greater improvement of response characteristic in a temperature sensor having a thermistor element held in a metal tube. The invention provides a temperature sensor (1) including a cylindrical metal tube (3) having a front end side blocked  a thermistor element (2)  and a sheath member (8) connected to the thermistor element (2) and held in the inside of the metal tube (3)  wherein: the metal tube (3) has a small-diameter portion (33) located on the front end side and entirely having an inner diameter smaller than the outer diameter of the sheath member (8)   and a large-diameter portion (36) located on the rear end side of the small-diameter portion (33) and having a diameter larger than the outer diameter of the small-diameter portion (33) ; and a thermistor sintered body (21) is held in the small-diameter portion (33) and cement (10) is filled in between a front end of the thermistor sintered body (21) and a front end of an inner wall of the metal tube (3) and on the front end side viewed from a read end surface of the thermistor sintered body (21).  ,A temperature sensor comprising: a cylindrical metal tube (3) extending in an axial direction and having a front end side blocked;a thermal sensing element (2) held in an inside of said metal tube (3) and including a thermal sensing portion (21) with electrical characteristic varying according to a temperature  and a pair of electrode wires (22) provided in said thermal sensing portion (21) and extending toward a rear end side of said metal tube (3);an electrically insulating member (10)  wherein a heat conductivity of said electrically insulating member (10) is not lower than 1.2 W/m·K; anda sheath member (8) held in an inside of said metal tube (3) and including: a sheath pipe (9)  a pair of metal cores (7) held in the sheath pipe and connected to said pair of electrode wires (22) of said thermal sensing element (2) while electrically insulated  and electrically insulating powder filled in between the sheath pipe (9) and each of the metal cores (7)  wherein: said metal tube (3) has a small-diameter portion (33) located on a front end side and entirely having an inner diameter smaller than an outer diameter of said sheath member (8)  and a large-diameter portion (32  34  36) located on a rear end side of said small-diameter portion (33) and having a diameter larger than an outer diameter of said small-diameter portion (33);an outer diameter of said small-diameter portion (33) is not larger than 3.5 mm;a shortest distance L between said thermal sensing portion (21) and an inner wall surface of the small-diameter portion (33) satisfies 0 ≤ L ≤ 0.3 mm; andsaid thermal sensing portion (21) is held in said small-diameter portion (33) characterizedin that a longest distance H between a front end of said thermal sensing portion (21) and a front end of an inner wall of said metal tube (3) is not larger than 2.0 mm  and in that the electrically insulating member (10) is filled at least in between a front end of said thermal sensing portion (21) and a front end of an inner wall of said metal tube (3)  so that the front end of the thermal sensing portion (21) and the front end of the inner wall of the metal tube (3) are in contact with each other through the electrically insulating member (10).,8,2004-723313,2004-03-25,1610109,2005-12-28,1610109,2017-07-26,NGK Spark Plug Co.  Ltd.
EP,B1,EXHAUST GAS TEMPERATURE SENSOR INCLUDING A VIBRATION REDUCING AND/OR MODIFYING SLEEVE,A temperature sensor system includes a temperature sensor  a cable having an end coupled to the temperature sensor  and a stop flange coupled to the cable. The temperature sensor system further includes a vibration reducing and/or modifying sleeve positioned against the stop flange. The sleeve includes a body portion defining a through passage configured to receive and retain at least a portion of the cable. The sleeve is configured to provide stability and reduce vibrational stress to the temperature sensor system. The sleeve is configured to be added to the temperature sensor system during assembly of the system and/or to be added after the temperature sensor system is fully assembled.,A temperature sensor system (400) comprising: a temperature sensor (106; 402);a cable (404) having an end coupled to said temperature sensor (106; 402);a stop flange (414) coupled to said cable (404); anda vibration reducing and/or modifying sleeve (416) positioned against said stop flange (414)  said sleeve (416) comprising a body portion (518) having a first open end (520) and an opposing second open end (522) defining a through passage (524) configured to receive and retain at least a portion of said cable (404) characterized in that said body portion (518) further comprises a plurality of transition portions (532) extending from said second open end (522) of said body portion (518)  each transition portion (532) being separated from an adjacent transition portion (532) by a gap and including a flange portion (534).,13,2012-825293,2012-08-23,2748570,2014-07-02,2748570,2017-05-17,Stoneridge  Inc.
